Feature,COANC-B01-T0-1,COANC-B01-T0-2,COANC-B01-T1-1,COANC-B01-T1-2,COANC-B01-T2-1,COANC-B01-T2-2,COANC-B01-T3-1,COANC-B01-T3-2,COANC-B01-T4-1,COANC-B01-T4-2,COANC-B01-T5-1,COANC-B01-T5-2,COANC-B01-T6-1,COANC-B01-T6-2,COANC-B01-T7-1,COANC-B01-T7-2,COANC-B02-T0-1,COANC-B02-T0-2,COANC-B02-T1-1,COANC-B02-T1-2,COANC-B02-T2-1,COANC-B02-T2-2,COANC-B02-T3-1,COANC-B02-T3-2,COANC-B02-T4-1,COANC-B02-T4-2,COANC-B02-T5-1,COANC-B02-T5-2,COANC-B02-T6-1,COANC-B02-T6-2,COANC-B02-T7-1,COANC-B02-T7-2,COANC-B03-T0-1,COANC-B03-T0-2,COANC-B03-T1-1,COANC-B03-T1-2,COANC-B03-T2-1,COANC-B03-T2-2,COANC-B03-T3-1,COANC-B03-T3-2,COANC-B03-T4-1,COANC-B03-T4-2,COANC-B03-T5-1,COANC-B03-T5-2,COANC-B03-T6-1,COANC-B03-T6-2,COANC-B03-T7-1,COANC-B03-T7-2,COANC-B04-T0-1,COANC-B04-T0-2,COANC-B04-T1-1,COANC-B04-T1-2,COANC-B04-T2-1,COANC-B04-T2-2,COANC-B04-T3-1,COANC-B04-T3-2,COANC-B04-T4-1,COANC-B04-T4-2,COANC-B04-T5-1,COANC-B04-T5-2,COANC-B04-T6-1,COANC-B04-T6-2,COANC-B04-T7-1,COANC-B04-T7-2
Group,T0,T0,T1,T1,T2,T2,T3,T3,T4,T4,T5,T5,T6,T6,T7,T7,T0,T0,T1,T1,T2,T2,T3,T3,T4,T4,T5,T5,T6,T6,T7,T7,T0,T0,T1,T1,T2,T2,T3,T3,T4,T4,T5,T5,T6,T6,T7,T7,T0,T0,T1,T1,T2,T2,T3,T3,T4,T4,T5,T5,T6,T6,T7,T7
C10:0,0,0,0,0,0,0,0,0,0,0,0,0,0,0,0,0,0,0,0,0,0,0,0,0,0,0,0,0,0,0,0,0,0,0,0,0,0,0,0,0,0,0,0,0,0,0,0,0,0,0,0,0,0,0,0,0,0,0,0,0,0,0,0,0
C11:0,0,0,0,0,0,0,0,0,0,0,0,0,0,0,0,0,0,0,0,0,0,0,0,0,0,0,0,0,0,0,0,0,0,0,0,0,0,0,0,0,0,0,0,0,0,0,0,0,0,0,0,0,0,0,0,0,0,0,0,0,0,0,0,0
C12:0,13.59142303,13.44168703,18.5421004,15.54369862,16.89458302,16.76315374,14.05510077,13.41430318,14.44059999,10.47674431,12.49869418,13.69914131,12.48592481,11.32681719,15.40847516,10.57209293,11.23742128,10.08493584,15.41503545,23.75387036,14.61432637,16.15838864,10.08930327,10.91017634,12.4613698,12.37119032,7.868623144,8.337854107,10.16250412,8.769263064,14.46761489,14.29586642,14.25554333,10.55671128,13.03302298,16.19935289,21.54490376,14.08603491,10.29594588,12.07416998,16.94242364,11.1221775,14.24370942,14.53241585,14.74161168,10.72772512,16.70380196,14.7922714,13.15921707,15.12050796,12.66936443,19.15555488,12.47336234,15.86682486,15.48633064,19.72241063,12.91285194,16.62941384,13.85766169,16.82883664,12.84881837,14.32874827,13.65144776,12.67206684
C13:0,0,0,0,0,0,0,0,0,0,0,0,0,0,0,0,0,0,0,0,0,0,0,0,0,0,0,0,0,0,0,0,0,0,0,0,0,0,0,0,0,0,0,0,0,0,0,0,0,0,0,0,0,0,0,0,0,0,0,0,0,0,0,0,0
C14:0,620.8901464,558.3190428,650.7474317,590.9323781,689.5582138,725.3691624,576.9167992,580.9870028,579.6242751,492.6732181,513.2451256,600.3294497,636.8750504,572.38371,589.2025008,481.390711,471.4393689,512.9943241,677.3214662,583.6933967,518.0870416,629.0537226,452.6015964,467.1425793,531.6440453,499.9480783,363.8177397,479.0367766,421.6819726,362.0118712,574.0916971,546.3811603,563.5217372,410.8612674,504.7929086,625.7875653,606.228727,500.4575705,474.6914632,421.9854978,665.5744703,548.495325,682.3089299,551.0070237,592.4788012,405.3743451,517.5201169,490.3438738,565.3907462,532.2055406,335.7076074,588.7379784,550.6317614,547.3508552,531.5197426,559.5006736,530.3147272,630.4404598,610.0977431,579.5640711,528.9940994,565.5520777,617.3228077,495.3992915
C14:1,0,0,0,0,0,0,0,0,0,0,0,0,0,0,0,0,0,0,0,0,0,0,0,0,0,0,0,0,0,0,0,0,0,0,0,0,0,0,0,0,0,0,0,0,0,0,0,0,0,0,0,0,0,0,0,0,0,0,0,0,0,0,0,0
C15:0,127.5316726,129.3953121,157.1977683,138.6319951,135.4690562,163.8306213,141.9803203,143.302889,131.8264049,124.5179992,138.2555587,122.7913717,135.1115052,131.0481184,119.703727,123.083095,121.8615319,123.0141538,163.5335623,156.0105079,115.3290196,154.5746523,129.4136436,130.045606,151.8866514,121.6914084,103.097628,90.88699482,121.9690949,119.4062199,151.3557869,148.1997261,143.1051578,142.7343568,143.0364803,159.0163273,158.4922086,142.2050173,113.2859068,98.74349561,156.2770342,136.3116021,166.7079892,129.2844767,135.4948147,119.4180564,143.8504852,147.9260468,157.7377764,154.5849646,129.3574319,150.9832647,144.916766,146.2651475,154.6018105,141.9874251,137.2511592,153.3488321,131.2111619,122.0452372,141.9064011,136.9548216,157.6292425,122.9144299
C15:1,0,0,0,0,0,0,0,0,0,0,0,0,0,0,0,0,0,0,0,0,0,0,0,0,0,0,0,0,0,0,0,0,0,0,0,0,0,0,0,0,0,0,0,0,0,0,0,0,0,0,0,0,0,0,0,0,0,0,0,0,0,0,0,0
C16:0,86477.63371,87300.90248,100720.0252,97026.90803,93205.20361,104278.2107,90992.68855,88107.45499,85101.60138,84878.72919,81271.36293,78823.92146,100999.6391,92954.67437,80630.12058,83565.66917,89386.60815,84729.96948,95943.26378,92027.7614,80482.74511,101011.5434,81494.57177,77757.15204,98857.67519,79626.53359,73279.43168,70838.41026,78682.92549,74356.58374,95699.55161,84821.92522,81035.35563,84907.67221,85842.02041,90277.5366,89301.60603,79377.32704,74026.61802,72475.35693,95434.12317,82399.79299,97341.33659,85551.07953,81472.86239,80558.81588,82944.29707,89791.46941,105034.5513,92962.74328,88241.50302,95205.57037,90661.94528,95202.84124,97172.72011,83056.90518,80853.41861,91568.15641,87246.65622,81243.94229,88176.04355,83114.38057,105133.5347,78495.22325
C16:1,614.2700314,655.8144071,795.128412,813.1919017,634.003234,734.0206838,653.474842,565.4377141,602.112408,661.4861058,533.5959059,495.5510216,714.830606,736.4304016,584.1082052,581.1393812,695.5280766,536.1088444,634.8030038,699.9087644,610.6674259,705.365186,577.075774,520.6217115,657.5645932,501.1993159,540.3250579,439.2967582,596.2554757,513.8684026,709.5834342,562.8922926,530.2427049,598.5495706,637.8374952,540.704969,659.8682673,542.2107844,499.0547611,644.3578344,746.7255956,581.7488926,634.29033,622.7687322,545.3245533,708.7201325,567.9327447,634.9783365,785.1908751,620.1648183,782.2171544,722.7818207,553.2526179,740.9926487,686.3374263,642.7104135,531.587265,661.3166864,616.3480848,569.5463472,595.0760109,593.0489165,866.0106926,555.1287522
C17:0,572.9021598,629.6660971,635.5569918,643.9270706,618.8365762,731.8354352,592.862427,558.0850667,544.9599071,558.2245018,541.4765668,508.4986837,661.0498818,644.7132963,531.2380239,647.1762897,698.5887901,637.5770612,707.5141263,718.1501917,546.1468839,771.6331275,650.1236634,630.77831,749.6711303,561.6231865,528.8672375,476.0319193,605.1781297,634.6526671,676.7498624,680.5186968,674.5487432,720.5452398,722.4559541,781.8181604,727.3708706,661.9653504,532.617788,462.0875298,681.2991198,606.5730946,733.9284899,592.9137377,647.8442216,632.6448027,735.9453277,707.9081718,828.1925982,735.1724005,660.4044448,640.7956325,676.2052377,753.5346996,721.9308497,615.3452798,594.1265129,644.1868378,609.5991239,549.8754734,682.5658444,610.4722076,752.2448208,540.7361461
C17:1,4550.475,4507.137143,4507.137143,4302.267273,4594.654369,4685.637624,4422.891589,4381.938889,4550.475,4550.475,4464.616981,4507.137143,4464.616981,4550.475,4639.7,4639.7,4341.737615,4507.137143,4685.637624,4594.654369,4464.616981,4639.7,4422.891589,4507.137143,4732.494,4507.137143,4464.616981,4732.494,4732.494,4381.938889,4594.654369,4381.938889,4464.616981,4381.938889,4550.475,4550.475,4381.938889,4381.938889,4685.637624,4594.654369,4685.637624,4594.654369,4507.137143,4422.891589,4685.637624,4594.654369,4381.938889,4685.637624,4550.475,4550.475,4550.475,4594.654369,4381.938889,4550.475,4422.891589,4639.7,4639.7,4422.891589,4464.616981,4639.7,4464.616981,4550.475,4464.616981,4550.475
C18:0,108189.5227,109101.0311,117138.2547,109681.6278,106842.8096,128883.8281,110844.9564,105973.8026,109519.7252,107186.241,102305.678,102431.5026,110461.6169,106657.9686,102412.3392,105300.2785,107459.6751,106829.4563,114433.1212,106906.2554,90377.86228,128079.2359,102296.1849,96044.06359,117720.5609,97582.82473,83008.15907,78014.44193,88749.6474,88314.05694,107480.5293,93825.90082,97506.83933,98268.8214,94905.15815,105519.3103,106815.9187,93645.24949,88042.97721,80328.92178,98187.71153,87503.01756,113717.5555,96893.50866,92737.32335,96135.08425,94318.36252,117667.0098,119812.7192,111933.0728,105956.0215,107436.728,113457.8746,108445.0306,113554.9942,101060.1226,100761.2065,109033.4688,104278.6527,92897.55124,106917.2763,90078.76801,113783.0887,92344.07201
C18:1 cis(n9),98721.93494,99397.84921,108540.8618,104261.1964,102632.1048,119179.294,102533.6979,97262.46115,98613.18618,97948.23716,91996.0723,92234.47246,111334.9469,102312.9192,93310.36496,94539.53023,101450.8652,96866.35125,106915.1798,100152.1993,87682.87968,116367.3976,92540.914,87330.08656,108255.0547,89772.76875,80918.07156,77575.22802,85400.70681,82451.48091,102251.4623,91006.90269,91785.88299,91036.49591,94085.23067,102735.7956,100744.723,89444.14093,83076.36646,78852.82185,99598.37915,86986.10047,107111.9437,93609.03896,91807.93832,90894.3405,92840.28021,106738.0346,113523.6555,102544.7236,99667.51365,103336.7819,104543.7349,104779.1688,105351.759,94386.70662,93458.24851,103285.2149,97913.97666,91023.0832,100423.6858,89021.73307,113117.3881,87290.49894
C18:1 trans(n9),0,0,0,0,0,0,0,0,0,0,0,0,0,0,0,0,0,0,0,0,0,0,0,0,0,0,0,0,0,0,0,0,0,0,0,0,0,0,0,0,0,0,0,0,0,0,0,0,0,0,0,0,0,0,0,0,0,0,0,0,0,0,0,0
C18:2 cis(n6),11316.35121,11245.48546,12673.39893,12190.34532,10297.03321,13317.58166,12637.31582,11578.85596,11943.50362,10827.51847,12836.40361,11832.96445,9988.317621,10414.04078,11274.93452,10620.7519,8584.208254,10648.13856,12781.31667,11419.0981,10547.47518,12523.79998,10244.68636,9995.458103,11473.51991,9827.046606,8421.800172,6867.522447,9618.161885,9057.318664,11717.1139,9956.823085,9059.112048,9959.592032,7960.974398,8347.44474,10889.98023,9594.868478,8306.84788,7787.599107,10212.3274,8731.152685,11156.03491,10067.36602,9299.948104,9218.137302,7767.023337,9498.028232,11330.0294,10686.23727,9223.784825,10155.54755,9054.25267,10028.24475,10710.68204,10258.39899,9176.670937,10169.69585,10688.70207,8669.747977,9927.527822,9621.367889,11140.99926,8432.789636
C18:2 trans(n6),0,0,0,0,0,0,0,0,0,0,0,0,0,0,0,0,0,0,0,0,0,0,0,0,0,0,0,0,0,0,0,0,0,0,0,0,0,0,0,0,0,0,0,0,0,0,0,0,0,0,0,0,0,0,0,0,0,0,0,0,0,0,0,0
C18:3n3,806.5439464,806.9402113,909.4864425,822.2952399,757.9981008,926.8828589,812.1540319,738.4763143,760.0082399,715.6038406,781.1246009,728.2324617,911.0870562,885.3749201,912.0481842,839.6518055,773.1376066,823.4996617,1013.538424,923.1188222,883.7582869,1012.641593,824.9224798,829.722536,994.8160576,767.1526522,690.3023576,621.8788479,837.3896347,709.6883768,1067.20864,888.1886048,840.1824163,890.706951,831.2361613,871.1046924,1018.328621,907.1135117,802.7758018,817.5919585,1024.032499,873.4750092,942.3476188,860.6407392,820.5842699,844.767971,824.4734038,865.1936446,1008.620215,893.5087085,884.5938673,918.6694105,844.5811646,925.8339853,942.1432868,893.0883251,818.8785322,925.2104092,893.9922693,765.5819131,866.3114801,816.9499,1005.459847,738.6630245
C18:3n6,53.15235395,57.69261063,56.62168424,64.55790866,62.07375745,79.50247419,58.63412056,58.8460205,58.95807383,55.92164239,58.3075147,52.64115142,48.53036362,52.08012539,42.44756331,48.86522454,51.37568864,48.61593225,0,0,0,0,0,0,0,0,0,0,0,0,0,0,0,0,0,0,0,0,0,0,0,0,0,0,0,0,0,0,0,0,0,0,0,0,0,0,0,0,0,0,0,0,0,0
C20:0,3631.917129,3886.303262,4125.206832,3982.527027,3642.548303,4218.382526,3796.451459,3465.087743,3707.923261,3445.737852,3457.352598,3404.011088,3727.957538,3730.578201,3575.845842,3506.083284,3936.202085,3673.181786,3932.520783,3696.103026,3252.944324,4123.623303,3508.587697,3293.333514,4032.91407,3230.244407,2841.561853,2703.081556,3288.757117,3185.919918,4469.890079,4072.531809,3728.245036,4008.162823,3853.447382,4376.991919,4381.324918,3813.839358,3567.548982,3360.879073,4221.159337,3760.895087,4143.659894,3532.242256,3752.599076,3756.811527,3464.510165,4480.112044,4391.203456,4235.15736,3968.864509,4321.855898,4081.897067,4141.863225,4266.303491,3912.892066,3607.777472,3888.97469,3858.157741,3413.513483,3672.848803,3288.600678,4332.112168,3315.334663
C20:1(n9),135.5516632,140.6262714,141.9805919,139.5052419,135.3468714,168.2045802,156.1881852,129.3988422,131.9464753,154.8826774,127.9499299,125.23186,128.7531092,117.0392548,110.828789,85.46742234,109.9937234,112.5659746,146.6514479,129.1440818,137.1452148,176.7258733,122.3054647,104.9410251,123.6489158,101.9528461,112.3285645,101.1105681,111.6634125,100.2122983,136.788604,128.2859358,121.4259807,108.3192552,120.9808654,140.8210598,131.5573746,122.3135577,109.6579581,110.8530419,134.8527563,110.2202877,129.055374,116.4557663,148.8186161,132.3831572,128.543963,145.2744776,151.4145363,141.0623336,134.1798289,149.9812991,150.8058794,150.4780572,145.9271567,142.8053253,137.4969938,152.1419171,149.6260928,141.8616549,145.8219415,121.9900663,158.2070067,122.1836408
C20:2,0,0,0,0,0,0,0,0,0,0,0,0,0,0,0,0,0,0,0,0,0,0,0,0,0,0,0,0,0,0,0,0,0,0,0,0,0,0,0,0,0,0,0,0,0,0,0,0,0,0,0,0,0,0,0,0,0,0,0,0,0,0,0,0
C20:3n3,0,0,0,0,0,0,0,0,0,0,0,0,0,0,0,0,0,0,0,0,0,0,0,0,0,0,0,0,0,0,0,0,0,0,0,0,0,0,0,0,0,0,0,0,0,0,0,0,0,0,0,0,0,0,0,0,0,0,0,0,0,0,0,0
C20:3n6,0,0,0,0,0,0,0,0,0,0,0,0,0,0,0,0,0,0,0,0,0,0,0,0,0,0,0,0,0,0,0,0,0,0,0,0,0,0,0,0,0,0,0,0,0,0,0,0,0,0,0,0,0,0,0,0,0,0,0,0,0,0,0,0
C20:4n6(ARA),0,0,0,0,0,0,0,0,0,0,0,0,0,0,0,0,0,0,0,0,0,0,0,0,0,0,0,0,0,0,0,0,0,0,0,0,0,0,0,0,0,0,0,0,0,0,0,0,0,0,0,0,0,0,0,0,0,0,0,0,0,0,0,0
C20:5n3 (EPA),0,0,0,0,0,0,0,0,0,0,0,0,0,0,0,0,0,0,0,0,0,0,0,0,0,0,0,0,0,0,0,0,0,0,0,0,0,0,0,0,0,0,0,0,0,0,0,0,0,0,0,0,0,0,0,0,0,0,0,0,0,0,0,0
C21:0,0,0,0,0,0,0,0,0,0,0,0,0,0,0,0,0,0,0,0,0,0,0,0,0,0,0,0,0,0,0,0,0,0,0,0,0,0,0,0,0,0,0,46.14691658,44.85209768,42.02077797,44.50673597,38.69631607,46.46837083,44.77049252,37.66798962,38.54221168,38.58140248,29.34366801,38.99428334,38.91682871,36.68422046,38.30258185,46.18424056,38.73326613,36.31698442,44.40388634,33.7295997,49.37575757,31.71264149
C22:0,710.3351157,773.1277204,743.6117224,814.0414564,724.7428538,838.5122662,794.2098293,682.1866704,722.916054,665.7126181,627.1525579,618.1649405,674.937921,688.8371395,716.8832434,625.6993209,736.8019381,681.650633,791.600046,716.8978964,666.9350849,725.4410725,625.9632277,613.7407217,701.8831421,576.2819558,521.7153101,509.002871,668.3953765,604.347761,785.8708607,736.285686,602.1074614,649.2050333,666.0070905,762.6504283,801.8005458,684.3182961,620.6242851,595.392494,794.1971058,675.7773086,737.6710328,660.477253,755.3216185,690.8719112,600.8299008,809.8556588,823.2845952,765.042136,723.0796926,817.3463454,734.5040866,781.9275915,758.8725772,764.1130711,689.192937,735.2550333,753.4552244,671.8023598,695.1595433,648.4534328,845.0608792,617.6070744
C22:1n9,0,0,0,0,0,0,0,0,0,0,0,0,0,0,0,0,0,0,0,0,0,0,0,0,0,0,0,0,0,0,0,0,0,0,0,0,0,0,0,0,0,0,0,0,0,0,0,0,0,0,0,0,0,0,0,0,0,0,0,0,0,0,0,0
C22:2,0,0,0,0,0,0,0,0,0,0,0,0,0,0,0,0,0,0,0,0,0,0,0,0,0,0,0,0,0,0,0,0,0,0,0,0,0,0,0,0,0,0,0,0,0,0,0,0,0,0,0,0,0,0,0,0,0,0,0,0,0,0,0,0
C22:6(n3) (DHA),0,0,0,0,0,0,0,0,0,0,0,0,0,0,0,0,0,0,0,0,0,0,0,0,0,0,0,0,0,0,0,0,0,0,0,0,0,0,0,0,0,0,0,0,0,0,0,0,0,0,0,0,0,0,0,0,0,0,0,0,0,0,0,0
C23:0,0,0,0,0,0,0,0,0,0,0,0,0,0,0,0,0,0,0,0,0,0,0,0,0,0,0,0,0,0,0,0,0,0,0,0,0,0,0,0,0,0,0,0,0,0,0,0,0,0,0,0,0,0,0,0,0,0,0,0,0,0,0,0,0
C24:0,365.1908864,418.8667546,400.9134578,445.9184391,350.2814501,371.975127,411.326247,333.6720936,346.0112647,323.1519724,310.9166728,357.4166885,472.7352475,398.2750369,393.9860979,321.0580334,460.0486946,384.056562,515.4659637,503.1935791,442.8023147,482.7530556,420.8972321,398.5167118,492.881701,393.5587797,402.9316299,388.7357357,501.9902957,463.2266283,408.0820665,379.157095,303.1396516,326.6389842,357.726252,407.9390819,411.474817,370.5743496,329.8523172,332.8309317,472.5317472,359.6591675,386.0662633,342.8127143,442.523685,395.2986355,347.4568507,435.1685638,453.6677011,404.3270399,466.4951866,465.0995287,422.744623,454.8749836,415.9853187,416.1100348,331.5835523,353.4363094,375.7148873,369.1752153,358.9516985,289.5073716,430.709245,283.6970882
C24:1,0,0,0,0,0,0,0,0,0,0,0,0,0,0,0,0,0,0,0,0,0,0,0,0,0,0,0,0,0,0,0,0,0,0,0,0,0,0,0,0,0,0,0,0,0,0,0,0,0,0,0,0,0,0,0,0,0,0,0,0,0,0,0,0
C4:0,0,0,0,0,0,0,0,0,0,0,0,0,0,0,0,0,0,0,0,0,0,0,0,0,0,0,0,0,0,0,0,0,0,0,0,0,0,0,0,0,0,0,0,0,0,0,0,0,0,0,0,0,0,0,0,0,0,0,0,0,0,0,0,0
C6:0,0,0,0,0,0,0,0,0,0,118.0578281,0,0,0,0,0,0,0,0,0,0,0,0,0,0,0,0,0,0,0,0,0,0,0,0,0,0,0,0,0,0,0,0,0,0,0,0,0,0,0,0,0,0,0,0,0,0,0,0,0,0,0,0,0,0
C8:0,0,0,0,0,0,0,0,0,0,6.812067971,0,0,0,0,0,0,0,0,0,0,0,0,0,0,0,0,0,0,0,0,0,0,0,0,0,0,0,0,0,0,0,0,0,0,0,0,0,0,0,0,0,0,0,0,0,0,0,0,0,0,0,0,0,0
